Project Name,Description,Skills,Category,Duration,Difficulty
AI-Powered Chatbot,"Build an intelligent chatbot using natural language processing to answer customer queries. Includes sentiment analysis and multi-language support.","Python,NLP,Transformers,Flask,PostgreSQL","AI/ML","10-14 weeks","Advanced"
E-Commerce Platform,"Develop a full-stack e-commerce website with payment integration, shopping cart, user authentication, and admin dashboard.","React,Node.js,PostgreSQL,Stripe API,Tailwind CSS","Web Development","12-16 weeks","Intermediate"
Mobile Fitness Tracker,"Create a mobile app to track fitness activities, nutrition, and workout progress with data visualization.","React Native,Firebase,JavaScript,Chart.js","Mobile Development","10-14 weeks","Intermediate"
Data Analytics Dashboard,"Build a dashboard for analyzing sales data with interactive charts, filters, and real-time updates.","Python,Pandas,React,D3.js,SQL","Data Science","8-12 weeks","Intermediate"
Blockchain Voting System,"Develop a decentralized voting application using blockchain technology with smart contracts.","Solidity,Web3.js,React,Node.js","Blockchain","14-18 weeks","Advanced"
Cloud DevOps Pipeline,"Set up CI/CD pipeline with automated testing, Docker containers, and Kubernetes deployment.","Docker,Kubernetes,Jenkins,AWS,Python","DevOps","8-12 weeks","Advanced"
Social Media Analytics Tool,"Create a tool to analyze social media metrics, track engagement, and generate reports.","Python,API Integration,Data Visualization,MongoDB","Data Science","10-14 weeks","Intermediate"
Smart Home IoT Controller,"Build an IoT system to control home appliances remotely with mobile app interface.","Arduino,React Native,MQTT,Node.js,Cloud Functions","IoT","12-16 weeks","Advanced"
Learning Management System,"Develop an LMS with course management, student tracking, and assessment tools.","React,Node.js,PostgreSQL,Material UI","Web Development","14-18 weeks","Intermediate"
Machine Learning Model for Image Recognition,"Train and deploy a CNN model for image classification with web interface.","Python,TensorFlow,Flask,OpenCV,React","AI/ML","12-16 weeks","Advanced"
Real-Time Chat Application,"Create a real-time messaging app with video/voice calls using WebRTC.","React,Node.js,WebSocket,WebRTC,MongoDB","Web Development","10-14 weeks","Intermediate"
Supply Chain Management System,"Build a system to track inventory, orders, and shipments across multiple locations.","Java,Spring Boot,MySQL,Angular","Web Development","14-18 weeks","Advanced"
Food Delivery Mobile App,"Develop a mobile app for food ordering with real-time tracking and payment integration.","React Native,Firebase,Stripe,Google Maps API","Mobile Development","12-16 weeks","Intermediate"
Automated Testing Framework,"Create a testing framework for web applications with screenshot comparison and reporting.","Python,Selenium,Pytest,Allure,Docker","DevOps","8-12 weeks","Intermediate"
Virtual Reality Training Simulator,"Build a VR application for training purposes with interactive scenarios.","Unity,C#,VR SDK,Blender","AI/ML","16-20 weeks","Advanced"
Weather Forecasting Dashboard,"Develop a dashboard displaying weather forecasts with interactive maps and alerts.","React,Python,API Integration,D3.js,PostgreSQL","Data Science","8-12 weeks","Beginner"
Task Management Tool,"Create a collaborative task management tool with Kanban boards and team features.","React,Node.js,MongoDB,Socket.io","Web Development","10-14 weeks","Intermediate"
Cryptocurrency Portfolio Tracker,"Build an app to track cryptocurrency investments with real-time prices and analytics.","React,Node.js,WebSocket,Chart.js,PostgreSQL","Web Development","8-12 weeks","Intermediate"
Healthcare Appointment Booking System,"Develop a system for booking medical appointments with calendar integration.","React,Node.js,PostgreSQL,Twilio API","Web Development","10-14 weeks","Intermediate"
Gaming Analytics Platform,"Create a platform to analyze gaming statistics and player performance.","Python,React,PostgreSQL,Chart.js,WebSocket","Data Science","12-16 weeks","Advanced"
